Junior Frontend Engineer (JavaScript/HTML/CSS),Patterned Learning Career,New York, NY
Junior JavaScript Developer,HireMeFast LLC,Anchorage, AK
Jr Web Developer (Entry Level),Planned Systems International,United States
Frontend Developer,PatientIQ,Chicago, IL
Mid-Level Front-End Developer,Team Remotely Inc,Spokane, WA
Junior JavaScript Developer,HireMeFast LLC,Los Angeles, CA
Junior Web Developer,Team Remotely Inc,Newark, NJ
JavaScript Developer,Team Remotely Inc,Detroit, MI
Front End Software Engineer,DynamoFL,New York, NY
front end developer,RIT Solutions, Inc.,Minneapolis, MN
Frontend Software Engineer,Lumafield,San Francisco, CA
Front End Software Engineer,DynamoFL,San Francisco, CA
Web UI Engineer (L5) - Games UI,Netflix,United States
Front-End Developer,Interco,St Louis, MO
Frontend Developer,Altea Healthcare,Houston, TX
Javascript Developer,Taazaa Inc,Cleveland, OH
Jr. Web Developer- $45,000-55,000 (Temp, AZ),RemX | The Workforce Experts,Tempe, AZ
Junior Developer,Kyo Logic,Westport, CT
Front End Web Developers,DealerVero,Minneapolis, MN
UI Developer,ComForCare Home Care (Raleigh, NC),Fort Worth, TX
UI Developer React,Momento USA LLC,New York, NY
Frontend Developer,Conch Technologies, Inc,Phoenix, AZ
Front End / UI Developer,The Timberline Group, LLC,St Louis, MO
JavaScript Developer,HireMeFast LLC,Anchorage, AK
Junior Web Developer,Phoenix Recruitment,Columbus, OH
